age,sex,cp,trestbps,chol,fbs,thalach,exang,oldpeak,target
61.00,1.00,0.00,134.00,234.00,0.00,145.00,0.00,2.60,1
60.00,1.00,3.00,125.00,258.00,0.00,141.00,1.00,2.80,1
41.00,1.00,2.00,130.00,214.00,0.00,168.00,0.00,2.00,0
62.00,0.00,3.00,140.00,268.00,0.00,160.00,0.00,3.60,1
54.00,1.00,3.00,122.00,286.00,0.00,116.00,1.00,3.20,1
43.00,1.00,3.00,110.00,211.00,0.00,161.00,0.00,0.00,0
34.00,0.00,1.00,118.00,210.00,0.00,192.00,0.00,0.70,0
58.00,0.00,0.00,150.00,283.00,1.00,162.00,0.00,1.00,0
51.00,1.00,0.00,125.00,213.00,0.00,125.00,1.00,1.40,0
60.00,1.00,2.00,140.00,185.00,0.00,155.00,0.00,3.00,1
44.00,1.00,3.00,120.00,169.00,0.00,144.00,1.00,2.80,1
51.00,0.00,2.00,120.00,295.00,0.00,157.00,0.00,0.60,0
44.00,1.00,2.00,120.00,226.00,0.00,169.00,0.00,0.00,0
52.00,1.00,2.00,138.00,223.00,0.00,169.00,0.00,0.00,0
48.00,1.00,3.00,124.00,274.00,0.00,166.00,0.00,0.50,1
57.00,1.00,3.00,152.00,274.00,0.00,88.00,1.00,1.20,1
66.00,1.00,1.00,160.00,246.00,0.00,120.00,1.00,0.00,1
65.00,1.00,0.00,138.00,282.00,1.00,174.00,0.00,1.40,1
59.00,1.00,3.00,135.00,234.00,0.00,161.00,0.00,0.50,0
57.00,0.00,3.00,140.00,241.00,0.00,123.00,1.00,0.20,1
43.00,0.00,2.00,122.00,213.00,0.00,165.00,0.00,0.20,0
37.00,1.00,2.00,130.00,250.00,0.00,187.00,0.00,3.50,0
59.00,0.00,3.00,174.00,249.00,0.00,143.00,1.00,0.00,1
58.00,1.00,2.00,132.00,224.00,0.00,173.00,0.00,3.20,1
39.00,0.00,2.00,138.00,220.00,0.00,152.00,0.00,0.00,0
53.00,0.00,3.00,130.00,264.00,0.00,143.00,0.00,0.40,0
55.00,0.00,3.00,180.00,327.00,0.00,117.00,1.00,3.40,1
45.00,0.00,3.00,138.00,236.00,0.00,152.00,1.00,0.20,0
59.00,1.00,3.00,164.00,176.00,1.00,90.00,0.00,1.00,1
69.00,1.00,0.00,160.00,234.00,1.00,131.00,0.00,0.10,0
58.00,1.00,3.00,114.00,318.00,0.00,140.00,0.00,4.40,1
44.00,1.00,1.00,120.00,263.00,0.00,173.00,0.00,0.00,0
54.00,1.00,2.00,120.00,258.00,0.00,147.00,0.00,0.40,0
64.00,1.00,0.00,110.00,211.00,0.00,144.00,1.00,1.80,0
54.00,0.00,2.00,160.00,201.00,0.00,163.00,0.00,0.00,0
53.00,0.00,2.00,128.00,216.00,0.00,115.00,0.00,0.00,0
47.00,1.00,2.00,130.00,253.00,0.00,179.00,0.00,0.00,0
51.00,0.00,2.00,130.00,256.00,0.00,149.00,0.00,0.50,0
58.00,1.00,3.00,125.00,300.00,0.00,171.00,0.00,0.00,1
52.00,1.00,0.00,152.00,298.00,1.00,178.00,0.00,1.20,0
45.00,1.00,3.00,142.00,309.00,0.00,147.00,1.00,0.00,1
62.00,1.00,1.00,120.00,281.00,0.00,103.00,0.00,1.40,1
68.00,1.00,2.00,180.00,274.00,1.00,150.00,1.00,1.60,1
49.00,1.00,2.00,120.00,188.00,0.00,139.00,0.00,2.00,1
61.00,1.00,3.00,148.00,203.00,0.00,161.00,0.00,0.00,1
56.00,1.00,1.00,120.00,236.00,0.00,178.00,0.00,0.80,0
67.00,1.00,3.00,120.00,229.00,0.00,129.00,1.00,2.60,1
67.00,0.00,3.00,106.00,223.00,0.00,142.00,0.00,0.30,0
63.00,0.00,3.00,150.00,407.00,0.00,154.00,0.00,4.00,1
59.00,1.00,3.00,138.00,271.00,0.00,182.00,0.00,0.00,0
66.00,0.00,0.00,150.00,226.00,0.00,114.00,0.00,2.60,0
60.00,1.00,3.00,117.00,230.00,1.00,160.00,1.00,1.40,1
57.00,0.00,3.00,128.00,303.00,0.00,159.00,0.00,0.00,0
34.00,1.00,0.00,118.00,182.00,0.00,174.00,0.00,0.00,0
42.00,1.00,2.00,130.00,180.00,0.00,150.00,0.00,0.00,0
61.00,1.00,3.00,138.00,166.00,0.00,125.00,1.00,3.60,1
41.00,1.00,1.00,135.00,203.00,0.00,132.00,0.00,0.00,0
43.00,1.00,3.00,132.00,247.00,1.00,143.00,1.00,0.10,1
61.00,1.00,3.00,140.00,207.00,0.00,138.00,1.00,1.90,1
63.00,0.00,1.00,140.00,195.00,0.00,179.00,0.00,0.00,0
56.00,0.00,3.00,200.00,288.00,1.00,133.00,1.00,4.00,1
58.00,1.00,3.00,128.00,216.00,0.00,131.00,1.00,2.20,1
54.00,1.00,2.00,150.00,232.00,0.00,165.00,0.00,1.60,0
54.00,0.00,2.00,110.00,214.00,0.00,158.00,0.00,1.60,0
40.00,1.00,3.00,152.00,223.00,0.00,181.00,0.00,0.00,1
60.00,0.00,2.00,120.00,178.00,1.00,96.00,0.00,0.00,0
50.00,1.00,2.00,140.00,233.00,0.00,163.00,0.00,0.60,1
56.00,1.00,3.00,130.00,283.00,1.00,103.00,1.00,1.60,1
38.00,1.00,2.00,138.00,175.00,0.00,173.00,0.00,0.00,0
58.00,0.00,1.00,136.00,319.00,1.00,152.00,0.00,0.00,1
66.00,1.00,3.00,160.00,228.00,0.00,138.00,0.00,2.30,0
60.00,0.00,0.00,150.00,240.00,0.00,171.00,0.00,0.90,0
55.00,0.00,3.00,128.00,205.00,0.00,130.00,1.00,2.00,1
29.00,1.00,1.00,130.00,204.00,0.00,202.00,0.00,0.00,0
74.00,0.00,1.00,120.00,269.00,0.00,121.00,1.00,0.20,0
58.00,0.00,3.00,170.00,225.00,1.00,146.00,1.00,2.80,1
66.00,0.00,3.00,178.00,228.00,1.00,165.00,1.00,1.00,1
57.00,1.00,3.00,110.00,335.00,0.00,143.00,1.00,3.00,1
46.00,1.00,2.00,150.00,231.00,0.00,147.00,0.00,3.60,1
64.00,0.00,3.00,180.00,325.00,0.00,154.00,1.00,0.00,0
45.00,1.00,3.00,115.00,260.00,0.00,185.00,0.00,0.00,0
35.00,1.00,3.00,126.00,282.00,0.00,156.00,1.00,0.00,1
63.00,0.00,2.00,135.00,252.00,0.00,172.00,0.00,0.00,0
57.00,1.00,3.00,132.00,207.00,0.00,168.00,1.00,0.00,0
70.00,1.00,3.00,130.00,322.00,0.00,109.00,0.00,2.40,1
58.00,1.00,1.00,125.00,220.00,0.00,144.00,0.00,0.40,0
44.00,1.00,2.00,140.00,235.00,0.00,180.00,0.00,0.00,0
46.00,1.00,1.00,101.00,197.00,1.00,156.00,0.00,0.00,0
57.00,1.00,3.00,130.00,131.00,0.00,115.00,1.00,1.20,1
52.00,1.00,2.00,172.00,199.00,1.00,162.00,0.00,0.50,0
55.00,0.00,1.00,132.00,342.00,0.00,166.00,0.00,1.20,0
53.00,1.00,2.00,130.00,246.00,1.00,173.00,0.00,0.00,0
54.00,1.00,3.00,120.00,188.00,0.00,113.00,0.00,1.40,1
43.00,0.00,3.00,132.00,341.00,1.00,136.00,1.00,3.00,1
62.00,1.00,2.00,130.00,231.00,0.00,146.00,0.00,1.80,0
44.00,1.00,2.00,130.00,233.00,0.00,179.00,1.00,0.40,0
62.00,0.00,2.00,130.00,263.00,0.00,97.00,0.00,1.20,1
38.00,1.00,0.00,120.00,231.00,0.00,182.00,1.00,3.80,1
58.00,0.00,3.00,100.00,248.00,0.00,122.00,0.00,1.00,0
42.00,1.00,2.00,120.00,240.00,1.00,194.00,0.00,0.80,0
51.00,1.00,2.00,94.00,227.00,0.00,154.00,1.00,0.00,0
66.00,1.00,0.00,158.00,272.00,0.00,115.00,1.00,2.20,1
60.00,1.00,0.00,145.00,282.00,1.00,142.00,1.00,2.80,1
43.00,0.00,2.00,115.00,203.00,0.00,176.00,0.00,0.00,0
33.00,1.00,1.00,112.00,168.00,0.00,179.00,0.00,0.00,0
36.00,0.00,1.00,105.00,188.00,0.00,190.00,0.00,0.30,0
